<?xml version='1.0' encoding='utf-8'?>
<!DOCTYPE hibernate-configuration PUBLIC
"-//Hibernate/Hibernate Configuration DTD 3.0//EN"
"http://www.hibernate.org/dtd/hibernate-configuration-3.0.dtd">

<hibernate-configuration>
    <session-factory>
        
        <!-- Database connection settings -->
        
        <property name="connection.driver_class">org.h2.Driver</property>
        <property name="connection.url"> jdbc:h2:tcp://localhost/~/test</property>
        <property name="connection.username">sa</property>
        <property name="connection.password">niit</property>
        
        <property name="hibernate.default_schema">PUBLIC</property>

        <!-- JDBC connection pool (use the built-in) -->
        <property name="connection.pool_size">1</property>

        <!-- SQL dialect -->
        <property name="dialect">org.hibernate.dialect.H2Dialect</property>

        <!-- Disable the second-level cache  -->
      

        <!-- Echo all executed SQL to stdout -->
        <property name="show_sql">true</property>

        <!-- Drop and re-create the database schema on startup -->
        <property name="hbm2ddl.auto">update</property>

        <mapping class="com.model.Supplier"/>
        <mapping class="com.model.Category"/>
        <mapping class="com.model.Product"/>
        <mapping class="com.model.User"/>
        
        
         
        
        

    </session-factory>

</hibernate-configuration>