<?xml version="1.0" encoding="UTF-8"?>
<beans xmlns="http://www.springframework.org/schema/beans"
	xmlns:ctx="http://www.springframework.org/schema/context" xmlns:xsi="http://www.w3.org/2001/XMLSchema-instance"
	xmlns:mvc="http://www.springframework.org/schema/mvc"
	xsi:schemaLocation="http://www.springframework.org/schema/beans 
 http://www.springframework.org/schema/beans/spring-beans-2.5.xsd 
 http://www.springframework.org/schema/mvc
  http://www.springframework.org/schema/mvc/spring-mvc-3.0.xsd
 http://www.springframework.org/schema/context 
 http://www.springframework.org/schema/context/spring-context-2.5.xsd ">


	<ctx:annotation-config>
	</ctx:annotation-config>

	<ctx:component-scan base-package="com.controller">

	</ctx:component-scan>
	<bean
    class="org.springframework.web.servlet.view.InternalResourceViewResolver">
    <property name="prefix">
        <value>/WEB-INF/jsp/</value>
    </property>
    <property name="suffix">
        <value>.jsp</value>
    </property>
    </bean>
 
 <mvc:annotation-driven/>
<mvc:resources mapping="/resources/**" location="resources/"/>
  
  

</beans> 